labels,paths
1,/data/kaggle/train/Type_1/0.jpg
1,/data/kaggle/train/Type_1/10.jpg
1,/data/kaggle/train/Type_1/1013.jpg
1,/data/kaggle/train/Type_1/1014.jpg
1,/data/kaggle/train/Type_1/1019.jpg
1,/data/kaggle/train/Type_1/102.jpg
1,/data/kaggle/train/Type_1/1023.jpg
1,/data/kaggle/train/Type_1/1024.jpg
1,/data/kaggle/train/Type_1/1026.jpg
1,/data/kaggle/train/Type_1/1027.jpg
1,/data/kaggle/train/Type_1/1033.jpg
1,/data/kaggle/train/Type_1/104.jpg
1,/data/kaggle/train/Type_1/1040.jpg
1,/data/kaggle/train/Type_1/1056.jpg
1,/data/kaggle/train/Type_1/1059.jpg
1,/data/kaggle/train/Type_1/1061.jpg
1,/data/kaggle/train/Type_1/1070.jpg
1,/data/kaggle/train/Type_1/1071.jpg
1,/data/kaggle/train/Type_1/1077.jpg
1,/data/kaggle/train/Type_1/1079.jpg
1,/data/kaggle/train/Type_1/109.jpg
1,/data/kaggle/train/Type_1/1093.jpg
1,/data/kaggle/train/Type_1/1100.jpg
1,/data/kaggle/train/Type_1/1105.jpg
1,/data/kaggle/train/Type_1/1123.jpg
1,/data/kaggle/train/Type_1/1131.jpg
1,/data/kaggle/train/Type_1/1134.jpg
1,/data/kaggle/train/Type_1/1136.jpg
1,/data/kaggle/train/Type_1/1139.jpg
1,/data/kaggle/train/Type_1/1154.jpg
1,/data/kaggle/train/Type_1/1161.jpg
1,/data/kaggle/train/Type_1/1168.jpg
1,/data/kaggle/train/Type_1/1174.jpg
1,/data/kaggle/train/Type_1/1179.jpg
1,/data/kaggle/train/Type_1/1190.jpg
1,/data/kaggle/train/Type_1/1194.jpg
1,/data/kaggle/train/Type_1/1199.jpg
1,/data/kaggle/train/Type_1/12.jpg
1,/data/kaggle/train/Type_1/1202.jpg
1,/data/kaggle/train/Type_1/1204.jpg
1,/data/kaggle/train/Type_1/1220.jpg
1,/data/kaggle/train/Type_1/1223.jpg
1,/data/kaggle/train/Type_1/1226.jpg
1,/data/kaggle/train/Type_1/1229.jpg
1,/data/kaggle/train/Type_1/1230.jpg
1,/data/kaggle/train/Type_1/1239.jpg
1,/data/kaggle/train/Type_1/1245.jpg
1,/data/kaggle/train/Type_1/1251.jpg
1,/data/kaggle/train/Type_1/1273.jpg
1,/data/kaggle/train/Type_1/1274.jpg
1,/data/kaggle/train/Type_1/1279.jpg
1,/data/kaggle/train/Type_1/1281.jpg
1,/data/kaggle/train/Type_1/1285.jpg
1,/data/kaggle/train/Type_1/1288.jpg
1,/data/kaggle/train/Type_1/1289.jpg
1,/data/kaggle/train/Type_1/129.jpg
1,/data/kaggle/train/Type_1/13.jpg
1,/data/kaggle/train/Type_1/1308.jpg
1,/data/kaggle/train/Type_1/1314.jpg
1,/data/kaggle/train/Type_1/1320.jpg
1,/data/kaggle/train/Type_1/1324.jpg
1,/data/kaggle/train/Type_1/1326.jpg
1,/data/kaggle/train/Type_1/1336.jpg
1,/data/kaggle/train/Type_1/1339.jpg
1,/data/kaggle/train/Type_1/1344.jpg
1,/data/kaggle/train/Type_1/1346.jpg
1,/data/kaggle/train/Type_1/1370.jpg
1,/data/kaggle/train/Type_1/138.jpg
1,/data/kaggle/train/Type_1/1384.jpg
1,/data/kaggle/train/Type_1/1389.jpg
1,/data/kaggle/train/Type_1/139.jpg
1,/data/kaggle/train/Type_1/1390.jpg
1,/data/kaggle/train/Type_1/1393.jpg
1,/data/kaggle/train/Type_1/14.jpg
1,/data/kaggle/train/Type_1/1414.jpg
1,/data/kaggle/train/Type_1/142.jpg
1,/data/kaggle/train/Type_1/1422.jpg
1,/data/kaggle/train/Type_1/1427.jpg
1,/data/kaggle/train/Type_1/1430.jpg
1,/data/kaggle/train/Type_1/1437.jpg
1,/data/kaggle/train/Type_1/144.jpg
1,/data/kaggle/train/Type_1/1440.jpg
1,/data/kaggle/train/Type_1/1456.jpg
1,/data/kaggle/train/Type_1/1464.jpg
1,/data/kaggle/train/Type_1/1468.jpg
1,/data/kaggle/train/Type_1/1473.jpg
1,/data/kaggle/train/Type_1/148.jpg
1,/data/kaggle/train/Type_1/160.jpg
1,/data/kaggle/train/Type_1/171.jpg
1,/data/kaggle/train/Type_1/176.jpg
1,/data/kaggle/train/Type_1/180.jpg
1,/data/kaggle/train/Type_1/181.jpg
1,/data/kaggle/train/Type_1/191.jpg
1,/data/kaggle/train/Type_1/201.jpg
1,/data/kaggle/train/Type_1/205.jpg
1,/data/kaggle/train/Type_1/208.jpg
1,/data/kaggle/train/Type_1/215.jpg
1,/data/kaggle/train/Type_1/218.jpg
1,/data/kaggle/train/Type_1/229.jpg
1,/data/kaggle/train/Type_1/230.jpg
1,/data/kaggle/train/Type_1/237.jpg
1,/data/kaggle/train/Type_1/239.jpg
1,/data/kaggle/train/Type_1/245.jpg
1,/data/kaggle/train/Type_1/248.jpg
1,/data/kaggle/train/Type_1/252.jpg
1,/data/kaggle/train/Type_1/254.jpg
1,/data/kaggle/train/Type_1/262.jpg
1,/data/kaggle/train/Type_1/265.jpg
1,/data/kaggle/train/Type_1/267.jpg
1,/data/kaggle/train/Type_1/27.jpg
1,/data/kaggle/train/Type_1/281.jpg
1,/data/kaggle/train/Type_1/294.jpg
1,/data/kaggle/train/Type_1/298.jpg
1,/data/kaggle/train/Type_1/306.jpg
1,/data/kaggle/train/Type_1/308.jpg
1,/data/kaggle/train/Type_1/311.jpg
1,/data/kaggle/train/Type_1/333.jpg
1,/data/kaggle/train/Type_1/334.jpg
1,/data/kaggle/train/Type_1/338.jpg
1,/data/kaggle/train/Type_1/34.jpg
1,/data/kaggle/train/Type_1/342.jpg
1,/data/kaggle/train/Type_1/346.jpg
1,/data/kaggle/train/Type_1/349.jpg
1,/data/kaggle/train/Type_1/35.jpg
1,/data/kaggle/train/Type_1/356.jpg
1,/data/kaggle/train/Type_1/376.jpg
1,/data/kaggle/train/Type_1/379.jpg
1,/data/kaggle/train/Type_1/383.jpg
1,/data/kaggle/train/Type_1/384.jpg
1,/data/kaggle/train/Type_1/387.jpg
1,/data/kaggle/train/Type_1/396.jpg
1,/data/kaggle/train/Type_1/401.jpg
1,/data/kaggle/train/Type_1/41.jpg
1,/data/kaggle/train/Type_1/416.jpg
1,/data/kaggle/train/Type_1/421.jpg
1,/data/kaggle/train/Type_1/425.jpg
1,/data/kaggle/train/Type_1/434.jpg
1,/data/kaggle/train/Type_1/441.jpg
1,/data/kaggle/train/Type_1/446.jpg
1,/data/kaggle/train/Type_1/454.jpg
1,/data/kaggle/train/Type_1/463.jpg
1,/data/kaggle/train/Type_1/469.jpg
1,/data/kaggle/train/Type_1/47.jpg
1,/data/kaggle/train/Type_1/470.jpg
1,/data/kaggle/train/Type_1/471.jpg
1,/data/kaggle/train/Type_1/478.jpg
1,/data/kaggle/train/Type_1/48.jpg
1,/data/kaggle/train/Type_1/481.jpg
1,/data/kaggle/train/Type_1/484.jpg
1,/data/kaggle/train/Type_1/497.jpg
1,/data/kaggle/train/Type_1/513.jpg
1,/data/kaggle/train/Type_1/516.jpg
1,/data/kaggle/train/Type_1/518.jpg
1,/data/kaggle/train/Type_1/523.jpg
1,/data/kaggle/train/Type_1/531.jpg
1,/data/kaggle/train/Type_1/532.jpg
1,/data/kaggle/train/Type_1/536.jpg
1,/data/kaggle/train/Type_1/539.jpg
1,/data/kaggle/train/Type_1/55.jpg
1,/data/kaggle/train/Type_1/550.jpg
1,/data/kaggle/train/Type_1/551.jpg
1,/data/kaggle/train/Type_1/553.jpg
1,/data/kaggle/train/Type_1/558.jpg
1,/data/kaggle/train/Type_1/560.jpg
1,/data/kaggle/train/Type_1/562.jpg
1,/data/kaggle/train/Type_1/57.jpg
1,/data/kaggle/train/Type_1/576.jpg
1,/data/kaggle/train/Type_1/578.jpg
1,/data/kaggle/train/Type_1/579.jpg
1,/data/kaggle/train/Type_1/580.jpg
1,/data/kaggle/train/Type_1/582.jpg
1,/data/kaggle/train/Type_1/583.jpg
1,/data/kaggle/train/Type_1/593.jpg
1,/data/kaggle/train/Type_1/596.jpg
1,/data/kaggle/train/Type_1/605.jpg
1,/data/kaggle/train/Type_1/619.jpg
1,/data/kaggle/train/Type_1/620.jpg
1,/data/kaggle/train/Type_1/623.jpg
1,/data/kaggle/train/Type_1/624.jpg
1,/data/kaggle/train/Type_1/641.jpg
1,/data/kaggle/train/Type_1/643.jpg
1,/data/kaggle/train/Type_1/645.jpg
1,/data/kaggle/train/Type_1/649.jpg
1,/data/kaggle/train/Type_1/653.jpg
1,/data/kaggle/train/Type_1/660.jpg
1,/data/kaggle/train/Type_1/663.jpg
1,/data/kaggle/train/Type_1/667.jpg
1,/data/kaggle/train/Type_1/668.jpg
1,/data/kaggle/train/Type_1/677.jpg
1,/data/kaggle/train/Type_1/683.jpg
1,/data/kaggle/train/Type_1/685.jpg
1,/data/kaggle/train/Type_1/7.jpg
1,/data/kaggle/train/Type_1/700.jpg
1,/data/kaggle/train/Type_1/708.jpg
1,/data/kaggle/train/Type_1/709.jpg
1,/data/kaggle/train/Type_1/710.jpg
1,/data/kaggle/train/Type_1/713.jpg
1,/data/kaggle/train/Type_1/725.jpg
1,/data/kaggle/train/Type_1/727.jpg
1,/data/kaggle/train/Type_1/732.jpg
1,/data/kaggle/train/Type_1/739.jpg
1,/data/kaggle/train/Type_1/745.jpg
1,/data/kaggle/train/Type_1/751.jpg
1,/data/kaggle/train/Type_1/759.jpg
1,/data/kaggle/train/Type_1/763.jpg
1,/data/kaggle/train/Type_1/764.jpg
1,/data/kaggle/train/Type_1/765.jpg
1,/data/kaggle/train/Type_1/769.jpg
1,/data/kaggle/train/Type_1/779.jpg
1,/data/kaggle/train/Type_1/783.jpg
1,/data/kaggle/train/Type_1/787.jpg
1,/data/kaggle/train/Type_1/791.jpg
1,/data/kaggle/train/Type_1/802.jpg
1,/data/kaggle/train/Type_1/805.jpg
1,/data/kaggle/train/Type_1/809.jpg
1,/data/kaggle/train/Type_1/81.jpg
1,/data/kaggle/train/Type_1/810.jpg
1,/data/kaggle/train/Type_1/814.jpg
1,/data/kaggle/train/Type_1/817.jpg
1,/data/kaggle/train/Type_1/821.jpg
1,/data/kaggle/train/Type_1/833.jpg
1,/data/kaggle/train/Type_1/836.jpg
1,/data/kaggle/train/Type_1/842.jpg
1,/data/kaggle/train/Type_1/846.jpg
1,/data/kaggle/train/Type_1/855.jpg
1,/data/kaggle/train/Type_1/873.jpg
1,/data/kaggle/train/Type_1/879.jpg
1,/data/kaggle/train/Type_1/880.jpg
1,/data/kaggle/train/Type_1/887.jpg
1,/data/kaggle/train/Type_1/889.jpg
1,/data/kaggle/train/Type_1/890.jpg
1,/data/kaggle/train/Type_1/891.jpg
1,/data/kaggle/train/Type_1/895.jpg
1,/data/kaggle/train/Type_1/901.jpg
1,/data/kaggle/train/Type_1/906.jpg
1,/data/kaggle/train/Type_1/908.jpg
1,/data/kaggle/train/Type_1/917.jpg
1,/data/kaggle/train/Type_1/918.jpg
1,/data/kaggle/train/Type_1/920.jpg
1,/data/kaggle/train/Type_1/921.jpg
1,/data/kaggle/train/Type_1/928.jpg
1,/data/kaggle/train/Type_1/930.jpg
1,/data/kaggle/train/Type_1/96.jpg
1,/data/kaggle/train/Type_1/965.jpg
1,/data/kaggle/train/Type_1/972.jpg
1,/data/kaggle/train/Type_1/977.jpg
1,/data/kaggle/train/Type_1/982.jpg
1,/data/kaggle/train/Type_1/984.jpg
1,/data/kaggle/train/Type_1/991.jpg
1,/data/kaggle/train/Type_1/998.jpg
2,/data/kaggle/train/Type_2/1.jpg
2,/data/kaggle/train/Type_2/100.jpg
2,/data/kaggle/train/Type_2/1001.jpg
2,/data/kaggle/train/Type_2/1002.jpg
2,/data/kaggle/train/Type_2/1005.jpg
2,/data/kaggle/train/Type_2/1006.jpg
2,/data/kaggle/train/Type_2/101.jpg
2,/data/kaggle/train/Type_2/1010.jpg
2,/data/kaggle/train/Type_2/1011.jpg
2,/data/kaggle/train/Type_2/1012.jpg
2,/data/kaggle/train/Type_2/1016.jpg
2,/data/kaggle/train/Type_2/1017.jpg
2,/data/kaggle/train/Type_2/1018.jpg
2,/data/kaggle/train/Type_2/1021.jpg
2,/data/kaggle/train/Type_2/1022.jpg
2,/data/kaggle/train/Type_2/1025.jpg
2,/data/kaggle/train/Type_2/103.jpg
2,/data/kaggle/train/Type_2/1032.jpg
2,/data/kaggle/train/Type_2/1035.jpg
2,/data/kaggle/train/Type_2/1036.jpg
2,/data/kaggle/train/Type_2/1038.jpg
2,/data/kaggle/train/Type_2/1039.jpg
2,/data/kaggle/train/Type_2/1042.jpg
2,/data/kaggle/train/Type_2/1043.jpg
2,/data/kaggle/train/Type_2/1044.jpg
2,/data/kaggle/train/Type_2/1046.jpg
2,/data/kaggle/train/Type_2/1047.jpg
2,/data/kaggle/train/Type_2/1049.jpg
2,/data/kaggle/train/Type_2/105.jpg
2,/data/kaggle/train/Type_2/1050.jpg
2,/data/kaggle/train/Type_2/1051.jpg
2,/data/kaggle/train/Type_2/1054.jpg
2,/data/kaggle/train/Type_2/1055.jpg
2,/data/kaggle/train/Type_2/1057.jpg
2,/data/kaggle/train/Type_2/1058.jpg
2,/data/kaggle/train/Type_2/1065.jpg
2,/data/kaggle/train/Type_2/1066.jpg
2,/data/kaggle/train/Type_2/1067.jpg
2,/data/kaggle/train/Type_2/1068.jpg
2,/data/kaggle/train/Type_2/107.jpg
2,/data/kaggle/train/Type_2/1072.jpg
2,/data/kaggle/train/Type_2/1073.jpg
2,/data/kaggle/train/Type_2/1074.jpg
2,/data/kaggle/train/Type_2/1075.jpg
2,/data/kaggle/train/Type_2/1076.jpg
2,/data/kaggle/train/Type_2/1078.jpg
2,/data/kaggle/train/Type_2/1083.jpg
2,/data/kaggle/train/Type_2/1084.jpg
2,/data/kaggle/train/Type_2/1085.jpg
2,/data/kaggle/train/Type_2/1087.jpg
2,/data/kaggle/train/Type_2/1089.jpg
2,/data/kaggle/train/Type_2/1090.jpg
2,/data/kaggle/train/Type_2/1091.jpg
2,/data/kaggle/train/Type_2/1096.jpg
2,/data/kaggle/train/Type_2/1097.jpg
2,/data/kaggle/train/Type_2/1098.jpg
2,/data/kaggle/train/Type_2/1099.jpg
2,/data/kaggle/train/Type_2/110.jpg
2,/data/kaggle/train/Type_2/1102.jpg
2,/data/kaggle/train/Type_2/1103.jpg
2,/data/kaggle/train/Type_2/1104.jpg
2,/data/kaggle/train/Type_2/1106.jpg
2,/data/kaggle/train/Type_2/1109.jpg
2,/data/kaggle/train/Type_2/1114.jpg
2,/data/kaggle/train/Type_2/1115.jpg
2,/data/kaggle/train/Type_2/1116.jpg
2,/data/kaggle/train/Type_2/1117.jpg
2,/data/kaggle/train/Type_2/1118.jpg
2,/data/kaggle/train/Type_2/1119.jpg
2,/data/kaggle/train/Type_2/112.jpg
2,/data/kaggle/train/Type_2/1121.jpg
2,/data/kaggle/train/Type_2/1122.jpg
2,/data/kaggle/train/Type_2/1124.jpg
2,/data/kaggle/train/Type_2/1125.jpg
2,/data/kaggle/train/Type_2/1126.jpg
2,/data/kaggle/train/Type_2/1130.jpg
2,/data/kaggle/train/Type_2/1132.jpg
2,/data/kaggle/train/Type_2/1135.jpg
2,/data/kaggle/train/Type_2/1138.jpg
2,/data/kaggle/train/Type_2/1140.jpg
2,/data/kaggle/train/Type_2/1141.jpg
2,/data/kaggle/train/Type_2/1142.jpg
2,/data/kaggle/train/Type_2/1143.jpg
2,/data/kaggle/train/Type_2/1144.jpg
2,/data/kaggle/train/Type_2/1145.jpg
2,/data/kaggle/train/Type_2/1146.jpg
2,/data/kaggle/train/Type_2/1147.jpg
2,/data/kaggle/train/Type_2/1148.jpg
2,/data/kaggle/train/Type_2/1149.jpg
2,/data/kaggle/train/Type_2/115.jpg
2,/data/kaggle/train/Type_2/1151.jpg
2,/data/kaggle/train/Type_2/1152.jpg
2,/data/kaggle/train/Type_2/1155.jpg
2,/data/kaggle/train/Type_2/1156.jpg
2,/data/kaggle/train/Type_2/1158.jpg
2,/data/kaggle/train/Type_2/1159.jpg
2,/data/kaggle/train/Type_2/116.jpg
2,/data/kaggle/train/Type_2/1160.jpg
2,/data/kaggle/train/Type_2/1169.jpg
2,/data/kaggle/train/Type_2/117.jpg
2,/data/kaggle/train/Type_2/1170.jpg
2,/data/kaggle/train/Type_2/1171.jpg
2,/data/kaggle/train/Type_2/1172.jpg
2,/data/kaggle/train/Type_2/1173.jpg
2,/data/kaggle/train/Type_2/1175.jpg
2,/data/kaggle/train/Type_2/1176.jpg
2,/data/kaggle/train/Type_2/1178.jpg
2,/data/kaggle/train/Type_2/1180.jpg
2,/data/kaggle/train/Type_2/1181.jpg
2,/data/kaggle/train/Type_2/1184.jpg
2,/data/kaggle/train/Type_2/1185.jpg
2,/data/kaggle/train/Type_2/1186.jpg
2,/data/kaggle/train/Type_2/1187.jpg
2,/data/kaggle/train/Type_2/1188.jpg
2,/data/kaggle/train/Type_2/1189.jpg
2,/data/kaggle/train/Type_2/119.jpg
2,/data/kaggle/train/Type_2/1192.jpg
2,/data/kaggle/train/Type_2/1193.jpg
2,/data/kaggle/train/Type_2/1195.jpg
2,/data/kaggle/train/Type_2/1196.jpg
2,/data/kaggle/train/Type_2/1197.jpg
2,/data/kaggle/train/Type_2/1198.jpg
2,/data/kaggle/train/Type_2/120.jpg
2,/data/kaggle/train/Type_2/1201.jpg
2,/data/kaggle/train/Type_2/1203.jpg
2,/data/kaggle/train/Type_2/1205.jpg
2,/data/kaggle/train/Type_2/1209.jpg
2,/data/kaggle/train/Type_2/121.jpg
2,/data/kaggle/train/Type_2/1210.jpg
2,/data/kaggle/train/Type_2/1211.jpg
2,/data/kaggle/train/Type_2/1212.jpg
2,/data/kaggle/train/Type_2/1213.jpg
2,/data/kaggle/train/Type_2/1214.jpg
2,/data/kaggle/train/Type_2/1215.jpg
2,/data/kaggle/train/Type_2/1216.jpg
2,/data/kaggle/train/Type_2/1217.jpg
2,/data/kaggle/train/Type_2/1218.jpg
2,/data/kaggle/train/Type_2/1219.jpg
2,/data/kaggle/train/Type_2/122.jpg
2,/data/kaggle/train/Type_2/1222.jpg
2,/data/kaggle/train/Type_2/1225.jpg
2,/data/kaggle/train/Type_2/1227.jpg
2,/data/kaggle/train/Type_2/1228.jpg
2,/data/kaggle/train/Type_2/123.jpg
2,/data/kaggle/train/Type_2/1231.jpg
2,/data/kaggle/train/Type_2/1233.jpg
2,/data/kaggle/train/Type_2/1234.jpg
2,/data/kaggle/train/Type_2/1236.jpg
2,/data/kaggle/train/Type_2/1238.jpg
2,/data/kaggle/train/Type_2/1240.jpg
2,/data/kaggle/train/Type_2/1241.jpg
2,/data/kaggle/train/Type_2/1242.jpg
2,/data/kaggle/train/Type_2/1243.jpg
2,/data/kaggle/train/Type_2/1246.jpg
2,/data/kaggle/train/Type_2/1247.jpg
2,/data/kaggle/train/Type_2/1249.jpg
2,/data/kaggle/train/Type_2/1250.jpg
2,/data/kaggle/train/Type_2/1253.jpg
2,/data/kaggle/train/Type_2/1255.jpg
2,/data/kaggle/train/Type_2/1257.jpg
2,/data/kaggle/train/Type_2/1258.jpg
2,/data/kaggle/train/Type_2/126.jpg
2,/data/kaggle/train/Type_2/1260.jpg
2,/data/kaggle/train/Type_2/1261.jpg
2,/data/kaggle/train/Type_2/1262.jpg
2,/data/kaggle/train/Type_2/1263.jpg
2,/data/kaggle/train/Type_2/1264.jpg
2,/data/kaggle/train/Type_2/1266.jpg
2,/data/kaggle/train/Type_2/1267.jpg
2,/data/kaggle/train/Type_2/1269.jpg
2,/data/kaggle/train/Type_2/127.jpg
2,/data/kaggle/train/Type_2/1271.jpg
2,/data/kaggle/train/Type_2/1272.jpg
2,/data/kaggle/train/Type_2/1276.jpg
2,/data/kaggle/train/Type_2/128.jpg
2,/data/kaggle/train/Type_2/1282.jpg
2,/data/kaggle/train/Type_2/1283.jpg
2,/data/kaggle/train/Type_2/1290.jpg
2,/data/kaggle/train/Type_2/1292.jpg
2,/data/kaggle/train/Type_2/1293.jpg
2,/data/kaggle/train/Type_2/1294.jpg
2,/data/kaggle/train/Type_2/1295.jpg
2,/data/kaggle/train/Type_2/1297.jpg
2,/data/kaggle/train/Type_2/1298.jpg
2,/data/kaggle/train/Type_2/1299.jpg
2,/data/kaggle/train/Type_2/1301.jpg
2,/data/kaggle/train/Type_2/1302.jpg
2,/data/kaggle/train/Type_2/1303.jpg
2,/data/kaggle/train/Type_2/1304.jpg
2,/data/kaggle/train/Type_2/1305.jpg
2,/data/kaggle/train/Type_2/131.jpg
2,/data/kaggle/train/Type_2/1310.jpg
2,/data/kaggle/train/Type_2/1311.jpg
2,/data/kaggle/train/Type_2/1312.jpg
2,/data/kaggle/train/Type_2/1313.jpg
2,/data/kaggle/train/Type_2/1315.jpg
2,/data/kaggle/train/Type_2/1316.jpg
2,/data/kaggle/train/Type_2/1317.jpg
2,/data/kaggle/train/Type_2/1318.jpg
2,/data/kaggle/train/Type_2/1319.jpg
2,/data/kaggle/train/Type_2/1321.jpg
2,/data/kaggle/train/Type_2/1322.jpg
2,/data/kaggle/train/Type_2/1325.jpg
2,/data/kaggle/train/Type_2/1327.jpg
2,/data/kaggle/train/Type_2/1328.jpg
2,/data/kaggle/train/Type_2/1329.jpg
2,/data/kaggle/train/Type_2/133.jpg
2,/data/kaggle/train/Type_2/1330.jpg
2,/data/kaggle/train/Type_2/1331.jpg
2,/data/kaggle/train/Type_2/1334.jpg
2,/data/kaggle/train/Type_2/1337.jpg
2,/data/kaggle/train/Type_2/1338.jpg
2,/data/kaggle/train/Type_2/134.jpg
2,/data/kaggle/train/Type_2/1340.jpg
2,/data/kaggle/train/Type_2/1342.jpg
2,/data/kaggle/train/Type_2/1343.jpg
2,/data/kaggle/train/Type_2/1345.jpg
2,/data/kaggle/train/Type_2/1348.jpg
2,/data/kaggle/train/Type_2/1349.jpg
2,/data/kaggle/train/Type_2/1352.jpg
2,/data/kaggle/train/Type_2/1353.jpg
2,/data/kaggle/train/Type_2/1354.jpg
2,/data/kaggle/train/Type_2/1356.jpg
2,/data/kaggle/train/Type_2/1357.jpg
2,/data/kaggle/train/Type_2/1358.jpg
2,/data/kaggle/train/Type_2/1359.jpg
2,/data/kaggle/train/Type_2/136.jpg
2,/data/kaggle/train/Type_2/1361.jpg
2,/data/kaggle/train/Type_2/1362.jpg
2,/data/kaggle/train/Type_2/1363.jpg
2,/data/kaggle/train/Type_2/1365.jpg
2,/data/kaggle/train/Type_2/1368.jpg
2,/data/kaggle/train/Type_2/1369.jpg
2,/data/kaggle/train/Type_2/137.jpg
2,/data/kaggle/train/Type_2/1371.jpg
2,/data/kaggle/train/Type_2/1373.jpg
2,/data/kaggle/train/Type_2/1376.jpg
2,/data/kaggle/train/Type_2/1377.jpg
2,/data/kaggle/train/Type_2/1378.jpg
2,/data/kaggle/train/Type_2/1379.jpg
2,/data/kaggle/train/Type_2/1380.jpg
2,/data/kaggle/train/Type_2/1381.jpg
2,/data/kaggle/train/Type_2/1383.jpg
2,/data/kaggle/train/Type_2/1385.jpg
2,/data/kaggle/train/Type_2/1386.jpg
2,/data/kaggle/train/Type_2/1388.jpg
2,/data/kaggle/train/Type_2/1391.jpg
2,/data/kaggle/train/Type_2/1392.jpg
2,/data/kaggle/train/Type_2/1395.jpg
2,/data/kaggle/train/Type_2/1398.jpg
2,/data/kaggle/train/Type_2/1399.jpg
2,/data/kaggle/train/Type_2/140.jpg
2,/data/kaggle/train/Type_2/1405.jpg
2,/data/kaggle/train/Type_2/1406.jpg
2,/data/kaggle/train/Type_2/1407.jpg
2,/data/kaggle/train/Type_2/1411.jpg
2,/data/kaggle/train/Type_2/1413.jpg
2,/data/kaggle/train/Type_2/1415.jpg
2,/data/kaggle/train/Type_2/1416.jpg
2,/data/kaggle/train/Type_2/1418.jpg
2,/data/kaggle/train/Type_2/1419.jpg
2,/data/kaggle/train/Type_2/1421.jpg
2,/data/kaggle/train/Type_2/1424.jpg
2,/data/kaggle/train/Type_2/1426.jpg
2,/data/kaggle/train/Type_2/1428.jpg
2,/data/kaggle/train/Type_2/1432.jpg
2,/data/kaggle/train/Type_2/1433.jpg
2,/data/kaggle/train/Type_2/1435.jpg
2,/data/kaggle/train/Type_2/1436.jpg
2,/data/kaggle/train/Type_2/1438.jpg
2,/data/kaggle/train/Type_2/1439.jpg
2,/data/kaggle/train/Type_2/1441.jpg
2,/data/kaggle/train/Type_2/1443.jpg
2,/data/kaggle/train/Type_2/1444.jpg
2,/data/kaggle/train/Type_2/1445.jpg
2,/data/kaggle/train/Type_2/1446.jpg
2,/data/kaggle/train/Type_2/1449.jpg
2,/data/kaggle/train/Type_2/1450.jpg
2,/data/kaggle/train/Type_2/1451.jpg
2,/data/kaggle/train/Type_2/1452.jpg
2,/data/kaggle/train/Type_2/1453.jpg
2,/data/kaggle/train/Type_2/1454.jpg
2,/data/kaggle/train/Type_2/1457.jpg
2,/data/kaggle/train/Type_2/1462.jpg
2,/data/kaggle/train/Type_2/1463.jpg
2,/data/kaggle/train/Type_2/1465.jpg
2,/data/kaggle/train/Type_2/1466.jpg
2,/data/kaggle/train/Type_2/1467.jpg
2,/data/kaggle/train/Type_2/147.jpg
2,/data/kaggle/train/Type_2/1471.jpg
2,/data/kaggle/train/Type_2/1472.jpg
2,/data/kaggle/train/Type_2/1474.jpg
2,/data/kaggle/train/Type_2/1476.jpg
2,/data/kaggle/train/Type_2/1478.jpg
2,/data/kaggle/train/Type_2/1480.jpg
2,/data/kaggle/train/Type_2/149.jpg
2,/data/kaggle/train/Type_2/15.jpg
2,/data/kaggle/train/Type_2/151.jpg
2,/data/kaggle/train/Type_2/152.jpg
2,/data/kaggle/train/Type_2/153.jpg
2,/data/kaggle/train/Type_2/156.jpg
2,/data/kaggle/train/Type_2/157.jpg
2,/data/kaggle/train/Type_2/159.jpg
2,/data/kaggle/train/Type_2/161.jpg
2,/data/kaggle/train/Type_2/162.jpg
2,/data/kaggle/train/Type_2/164.jpg
2,/data/kaggle/train/Type_2/165.jpg
2,/data/kaggle/train/Type_2/167.jpg
2,/data/kaggle/train/Type_2/168.jpg
2,/data/kaggle/train/Type_2/17.jpg
2,/data/kaggle/train/Type_2/173.jpg
2,/data/kaggle/train/Type_2/175.jpg
2,/data/kaggle/train/Type_2/177.jpg
2,/data/kaggle/train/Type_2/178.jpg
2,/data/kaggle/train/Type_2/182.jpg
2,/data/kaggle/train/Type_2/183.jpg
2,/data/kaggle/train/Type_2/184.jpg
2,/data/kaggle/train/Type_2/185.jpg
2,/data/kaggle/train/Type_2/186.jpg
2,/data/kaggle/train/Type_2/189.jpg
2,/data/kaggle/train/Type_2/19.jpg
2,/data/kaggle/train/Type_2/190.jpg
2,/data/kaggle/train/Type_2/192.jpg
2,/data/kaggle/train/Type_2/195.jpg
2,/data/kaggle/train/Type_2/198.jpg
2,/data/kaggle/train/Type_2/2.jpg
2,/data/kaggle/train/Type_2/203.jpg
2,/data/kaggle/train/Type_2/204.jpg
2,/data/kaggle/train/Type_2/206.jpg
2,/data/kaggle/train/Type_2/209.jpg
2,/data/kaggle/train/Type_2/21.jpg
2,/data/kaggle/train/Type_2/210.jpg
2,/data/kaggle/train/Type_2/213.jpg
2,/data/kaggle/train/Type_2/216.jpg
2,/data/kaggle/train/Type_2/219.jpg
2,/data/kaggle/train/Type_2/22.jpg
2,/data/kaggle/train/Type_2/223.jpg
2,/data/kaggle/train/Type_2/224.jpg
2,/data/kaggle/train/Type_2/225.jpg
2,/data/kaggle/train/Type_2/227.jpg
2,/data/kaggle/train/Type_2/231.jpg
2,/data/kaggle/train/Type_2/233.jpg
2,/data/kaggle/train/Type_2/234.jpg
2,/data/kaggle/train/Type_2/235.jpg
2,/data/kaggle/train/Type_2/236.jpg
2,/data/kaggle/train/Type_2/238.jpg
2,/data/kaggle/train/Type_2/24.jpg
2,/data/kaggle/train/Type_2/240.jpg
2,/data/kaggle/train/Type_2/241.jpg
2,/data/kaggle/train/Type_2/243.jpg
2,/data/kaggle/train/Type_2/244.jpg
2,/data/kaggle/train/Type_2/246.jpg
2,/data/kaggle/train/Type_2/250.jpg
2,/data/kaggle/train/Type_2/251.jpg
2,/data/kaggle/train/Type_2/255.jpg
2,/data/kaggle/train/Type_2/257.jpg
2,/data/kaggle/train/Type_2/26.jpg
2,/data/kaggle/train/Type_2/264.jpg
2,/data/kaggle/train/Type_2/266.jpg
2,/data/kaggle/train/Type_2/268.jpg
2,/data/kaggle/train/Type_2/270.jpg
2,/data/kaggle/train/Type_2/271.jpg
2,/data/kaggle/train/Type_2/274.jpg
2,/data/kaggle/train/Type_2/276.jpg
2,/data/kaggle/train/Type_2/278.jpg
2,/data/kaggle/train/Type_2/279.jpg
2,/data/kaggle/train/Type_2/28.jpg
2,/data/kaggle/train/Type_2/282.jpg
2,/data/kaggle/train/Type_2/283.jpg
2,/data/kaggle/train/Type_2/284.jpg
2,/data/kaggle/train/Type_2/285.jpg
2,/data/kaggle/train/Type_2/288.jpg
2,/data/kaggle/train/Type_2/29.jpg
2,/data/kaggle/train/Type_2/290.jpg
2,/data/kaggle/train/Type_2/291.jpg
2,/data/kaggle/train/Type_2/293.jpg
2,/data/kaggle/train/Type_2/296.jpg
2,/data/kaggle/train/Type_2/297.jpg
2,/data/kaggle/train/Type_2/301.jpg
2,/data/kaggle/train/Type_2/302.jpg
2,/data/kaggle/train/Type_2/303.jpg
2,/data/kaggle/train/Type_2/305.jpg
2,/data/kaggle/train/Type_2/31.jpg
2,/data/kaggle/train/Type_2/310.jpg
2,/data/kaggle/train/Type_2/312.jpg
2,/data/kaggle/train/Type_2/313.jpg
2,/data/kaggle/train/Type_2/314.jpg
2,/data/kaggle/train/Type_2/315.jpg
2,/data/kaggle/train/Type_2/316.jpg
2,/data/kaggle/train/Type_2/317.jpg
2,/data/kaggle/train/Type_2/319.jpg
2,/data/kaggle/train/Type_2/32.jpg
2,/data/kaggle/train/Type_2/326.jpg
2,/data/kaggle/train/Type_2/329.jpg
2,/data/kaggle/train/Type_2/330.jpg
2,/data/kaggle/train/Type_2/331.jpg
2,/data/kaggle/train/Type_2/332.jpg
2,/data/kaggle/train/Type_2/337.jpg
2,/data/kaggle/train/Type_2/339.jpg
2,/data/kaggle/train/Type_2/340.jpg
2,/data/kaggle/train/Type_2/341.jpg
2,/data/kaggle/train/Type_2/343.jpg
2,/data/kaggle/train/Type_2/345.jpg
2,/data/kaggle/train/Type_2/348.jpg
2,/data/kaggle/train/Type_2/351.jpg
2,/data/kaggle/train/Type_2/353.jpg
2,/data/kaggle/train/Type_2/354.jpg
2,/data/kaggle/train/Type_2/358.jpg
2,/data/kaggle/train/Type_2/359.jpg
2,/data/kaggle/train/Type_2/36.jpg
2,/data/kaggle/train/Type_2/360.jpg
2,/data/kaggle/train/Type_2/364.jpg
2,/data/kaggle/train/Type_2/365.jpg
2,/data/kaggle/train/Type_2/366.jpg
2,/data/kaggle/train/Type_2/367.jpg
2,/data/kaggle/train/Type_2/368.jpg
2,/data/kaggle/train/Type_2/369.jpg
2,/data/kaggle/train/Type_2/37.jpg
2,/data/kaggle/train/Type_2/371.jpg
2,/data/kaggle/train/Type_2/372.jpg
2,/data/kaggle/train/Type_2/374.jpg
2,/data/kaggle/train/Type_2/375.jpg
2,/data/kaggle/train/Type_2/377.jpg
2,/data/kaggle/train/Type_2/378.jpg
2,/data/kaggle/train/Type_2/381.jpg
2,/data/kaggle/train/Type_2/382.jpg
2,/data/kaggle/train/Type_2/385.jpg
2,/data/kaggle/train/Type_2/386.jpg
2,/data/kaggle/train/Type_2/388.jpg
2,/data/kaggle/train/Type_2/389.jpg
2,/data/kaggle/train/Type_2/39.jpg
2,/data/kaggle/train/Type_2/393.jpg
2,/data/kaggle/train/Type_2/394.jpg
2,/data/kaggle/train/Type_2/395.jpg
2,/data/kaggle/train/Type_2/397.jpg
2,/data/kaggle/train/Type_2/398.jpg
2,/data/kaggle/train/Type_2/4.jpg
2,/data/kaggle/train/Type_2/40.jpg
2,/data/kaggle/train/Type_2/400.jpg
2,/data/kaggle/train/Type_2/403.jpg
2,/data/kaggle/train/Type_2/404.jpg
2,/data/kaggle/train/Type_2/406.jpg
2,/data/kaggle/train/Type_2/407.jpg
2,/data/kaggle/train/Type_2/408.jpg
2,/data/kaggle/train/Type_2/410.jpg
2,/data/kaggle/train/Type_2/411.jpg
2,/data/kaggle/train/Type_2/412.jpg
2,/data/kaggle/train/Type_2/413.jpg
2,/data/kaggle/train/Type_2/414.jpg
2,/data/kaggle/train/Type_2/418.jpg
2,/data/kaggle/train/Type_2/419.jpg
2,/data/kaggle/train/Type_2/42.jpg
2,/data/kaggle/train/Type_2/420.jpg
2,/data/kaggle/train/Type_2/423.jpg
2,/data/kaggle/train/Type_2/428.jpg
2,/data/kaggle/train/Type_2/429.jpg
2,/data/kaggle/train/Type_2/43.jpg
2,/data/kaggle/train/Type_2/432.jpg
2,/data/kaggle/train/Type_2/437.jpg
2,/data/kaggle/train/Type_2/438.jpg
2,/data/kaggle/train/Type_2/44.jpg
2,/data/kaggle/train/Type_2/440.jpg
2,/data/kaggle/train/Type_2/442.jpg
2,/data/kaggle/train/Type_2/443.jpg
2,/data/kaggle/train/Type_2/444.jpg
2,/data/kaggle/train/Type_2/445.jpg
2,/data/kaggle/train/Type_2/447.jpg
2,/data/kaggle/train/Type_2/448.jpg
2,/data/kaggle/train/Type_2/449.jpg
2,/data/kaggle/train/Type_2/45.jpg
2,/data/kaggle/train/Type_2/451.jpg
2,/data/kaggle/train/Type_2/452.jpg
2,/data/kaggle/train/Type_2/453.jpg
2,/data/kaggle/train/Type_2/455.jpg
2,/data/kaggle/train/Type_2/456.jpg
2,/data/kaggle/train/Type_2/457.jpg
2,/data/kaggle/train/Type_2/458.jpg
2,/data/kaggle/train/Type_2/46.jpg
2,/data/kaggle/train/Type_2/460.jpg
2,/data/kaggle/train/Type_2/461.jpg
2,/data/kaggle/train/Type_2/462.jpg
2,/data/kaggle/train/Type_2/464.jpg
2,/data/kaggle/train/Type_2/472.jpg
2,/data/kaggle/train/Type_2/473.jpg
2,/data/kaggle/train/Type_2/474.jpg
2,/data/kaggle/train/Type_2/476.jpg
2,/data/kaggle/train/Type_2/482.jpg
2,/data/kaggle/train/Type_2/483.jpg
2,/data/kaggle/train/Type_2/485.jpg
2,/data/kaggle/train/Type_2/486.jpg
2,/data/kaggle/train/Type_2/487.jpg
2,/data/kaggle/train/Type_2/488.jpg
2,/data/kaggle/train/Type_2/490.jpg
2,/data/kaggle/train/Type_2/493.jpg
2,/data/kaggle/train/Type_2/496.jpg
2,/data/kaggle/train/Type_2/499.jpg
2,/data/kaggle/train/Type_2/501.jpg
2,/data/kaggle/train/Type_2/502.jpg
2,/data/kaggle/train/Type_2/503.jpg
2,/data/kaggle/train/Type_2/504.jpg
2,/data/kaggle/train/Type_2/505.jpg
2,/data/kaggle/train/Type_2/506.jpg
2,/data/kaggle/train/Type_2/507.jpg
2,/data/kaggle/train/Type_2/508.jpg
2,/data/kaggle/train/Type_2/509.jpg
2,/data/kaggle/train/Type_2/51.jpg
2,/data/kaggle/train/Type_2/515.jpg
2,/data/kaggle/train/Type_2/517.jpg
2,/data/kaggle/train/Type_2/52.jpg
2,/data/kaggle/train/Type_2/521.jpg
2,/data/kaggle/train/Type_2/522.jpg
2,/data/kaggle/train/Type_2/524.jpg
2,/data/kaggle/train/Type_2/525.jpg
2,/data/kaggle/train/Type_2/526.jpg
2,/data/kaggle/train/Type_2/528.jpg
2,/data/kaggle/train/Type_2/529.jpg
2,/data/kaggle/train/Type_2/53.jpg
2,/data/kaggle/train/Type_2/533.jpg
2,/data/kaggle/train/Type_2/534.jpg
2,/data/kaggle/train/Type_2/535.jpg
2,/data/kaggle/train/Type_2/537.jpg
2,/data/kaggle/train/Type_2/538.jpg
2,/data/kaggle/train/Type_2/54.jpg
2,/data/kaggle/train/Type_2/540.jpg
2,/data/kaggle/train/Type_2/541.jpg
2,/data/kaggle/train/Type_2/542.jpg
2,/data/kaggle/train/Type_2/544.jpg
2,/data/kaggle/train/Type_2/545.jpg
2,/data/kaggle/train/Type_2/546.jpg
2,/data/kaggle/train/Type_2/547.jpg
2,/data/kaggle/train/Type_2/548.jpg
2,/data/kaggle/train/Type_2/549.jpg
2,/data/kaggle/train/Type_2/552.jpg
2,/data/kaggle/train/Type_2/556.jpg
2,/data/kaggle/train/Type_2/557.jpg
2,/data/kaggle/train/Type_2/559.jpg
2,/data/kaggle/train/Type_2/56.jpg
2,/data/kaggle/train/Type_2/561.jpg
2,/data/kaggle/train/Type_2/563.jpg
2,/data/kaggle/train/Type_2/564.jpg
2,/data/kaggle/train/Type_2/566.jpg
2,/data/kaggle/train/Type_2/568.jpg
2,/data/kaggle/train/Type_2/569.jpg
2,/data/kaggle/train/Type_2/570.jpg
2,/data/kaggle/train/Type_2/572.jpg
2,/data/kaggle/train/Type_2/574.jpg
2,/data/kaggle/train/Type_2/577.jpg
2,/data/kaggle/train/Type_2/581.jpg
2,/data/kaggle/train/Type_2/584.jpg
2,/data/kaggle/train/Type_2/586.jpg
2,/data/kaggle/train/Type_2/588.jpg
2,/data/kaggle/train/Type_2/589.jpg
2,/data/kaggle/train/Type_2/591.jpg
2,/data/kaggle/train/Type_2/592.jpg
2,/data/kaggle/train/Type_2/595.jpg
2,/data/kaggle/train/Type_2/597.jpg
2,/data/kaggle/train/Type_2/6.jpg
2,/data/kaggle/train/Type_2/60.jpg
2,/data/kaggle/train/Type_2/601.jpg
2,/data/kaggle/train/Type_2/602.jpg
2,/data/kaggle/train/Type_2/603.jpg
2,/data/kaggle/train/Type_2/607.jpg
2,/data/kaggle/train/Type_2/608.jpg
2,/data/kaggle/train/Type_2/609.jpg
2,/data/kaggle/train/Type_2/610.jpg
2,/data/kaggle/train/Type_2/611.jpg
2,/data/kaggle/train/Type_2/612.jpg
2,/data/kaggle/train/Type_2/613.jpg
2,/data/kaggle/train/Type_2/614.jpg
2,/data/kaggle/train/Type_2/615.jpg
2,/data/kaggle/train/Type_2/616.jpg
2,/data/kaggle/train/Type_2/618.jpg
2,/data/kaggle/train/Type_2/621.jpg
2,/data/kaggle/train/Type_2/622.jpg
2,/data/kaggle/train/Type_2/632.jpg
2,/data/kaggle/train/Type_2/633.jpg
2,/data/kaggle/train/Type_2/634.jpg
2,/data/kaggle/train/Type_2/639.jpg
2,/data/kaggle/train/Type_2/64.jpg
2,/data/kaggle/train/Type_2/640.jpg
2,/data/kaggle/train/Type_2/642.jpg
2,/data/kaggle/train/Type_2/644.jpg
2,/data/kaggle/train/Type_2/647.jpg
2,/data/kaggle/train/Type_2/648.jpg
2,/data/kaggle/train/Type_2/65.jpg
2,/data/kaggle/train/Type_2/651.jpg
2,/data/kaggle/train/Type_2/652.jpg
2,/data/kaggle/train/Type_2/655.jpg
2,/data/kaggle/train/Type_2/656.jpg
2,/data/kaggle/train/Type_2/657.jpg
2,/data/kaggle/train/Type_2/658.jpg
2,/data/kaggle/train/Type_2/659.jpg
2,/data/kaggle/train/Type_2/66.jpg
2,/data/kaggle/train/Type_2/662.jpg
2,/data/kaggle/train/Type_2/665.jpg
2,/data/kaggle/train/Type_2/666.jpg
2,/data/kaggle/train/Type_2/67.jpg
2,/data/kaggle/train/Type_2/671.jpg
2,/data/kaggle/train/Type_2/673.jpg
2,/data/kaggle/train/Type_2/674.jpg
2,/data/kaggle/train/Type_2/676.jpg
2,/data/kaggle/train/Type_2/678.jpg
2,/data/kaggle/train/Type_2/68.jpg
2,/data/kaggle/train/Type_2/680.jpg
2,/data/kaggle/train/Type_2/681.jpg
2,/data/kaggle/train/Type_2/684.jpg
2,/data/kaggle/train/Type_2/686.jpg
2,/data/kaggle/train/Type_2/687.jpg
2,/data/kaggle/train/Type_2/688.jpg
2,/data/kaggle/train/Type_2/691.jpg
2,/data/kaggle/train/Type_2/693.jpg
2,/data/kaggle/train/Type_2/696.jpg
2,/data/kaggle/train/Type_2/698.jpg
2,/data/kaggle/train/Type_2/699.jpg
2,/data/kaggle/train/Type_2/701.jpg
2,/data/kaggle/train/Type_2/702.jpg
2,/data/kaggle/train/Type_2/703.jpg
2,/data/kaggle/train/Type_2/704.jpg
2,/data/kaggle/train/Type_2/705.jpg
2,/data/kaggle/train/Type_2/707.jpg
2,/data/kaggle/train/Type_2/712.jpg
2,/data/kaggle/train/Type_2/714.jpg
2,/data/kaggle/train/Type_2/716.jpg
2,/data/kaggle/train/Type_2/717.jpg
2,/data/kaggle/train/Type_2/718.jpg
2,/data/kaggle/train/Type_2/719.jpg
2,/data/kaggle/train/Type_2/72.jpg
2,/data/kaggle/train/Type_2/720.jpg
2,/data/kaggle/train/Type_2/722.jpg
2,/data/kaggle/train/Type_2/723.jpg
2,/data/kaggle/train/Type_2/724.jpg
2,/data/kaggle/train/Type_2/726.jpg
2,/data/kaggle/train/Type_2/729.jpg
2,/data/kaggle/train/Type_2/730.jpg
2,/data/kaggle/train/Type_2/738.jpg
2,/data/kaggle/train/Type_2/74.jpg
2,/data/kaggle/train/Type_2/741.jpg
2,/data/kaggle/train/Type_2/743.jpg
2,/data/kaggle/train/Type_2/744.jpg
2,/data/kaggle/train/Type_2/748.jpg
2,/data/kaggle/train/Type_2/749.jpg
2,/data/kaggle/train/Type_2/75.jpg
2,/data/kaggle/train/Type_2/753.jpg
2,/data/kaggle/train/Type_2/754.jpg
2,/data/kaggle/train/Type_2/756.jpg
2,/data/kaggle/train/Type_2/76.jpg
2,/data/kaggle/train/Type_2/760.jpg
2,/data/kaggle/train/Type_2/761.jpg
2,/data/kaggle/train/Type_2/762.jpg
2,/data/kaggle/train/Type_2/768.jpg
2,/data/kaggle/train/Type_2/77.jpg
2,/data/kaggle/train/Type_2/771.jpg
2,/data/kaggle/train/Type_2/772.jpg
2,/data/kaggle/train/Type_2/775.jpg
2,/data/kaggle/train/Type_2/777.jpg
2,/data/kaggle/train/Type_2/78.jpg
2,/data/kaggle/train/Type_2/781.jpg
2,/data/kaggle/train/Type_2/785.jpg
2,/data/kaggle/train/Type_2/786.jpg
2,/data/kaggle/train/Type_2/789.jpg
2,/data/kaggle/train/Type_2/79.jpg
2,/data/kaggle/train/Type_2/790.jpg
2,/data/kaggle/train/Type_2/792.jpg
2,/data/kaggle/train/Type_2/793.jpg
2,/data/kaggle/train/Type_2/794.jpg
2,/data/kaggle/train/Type_2/795.jpg
2,/data/kaggle/train/Type_2/797.jpg
2,/data/kaggle/train/Type_2/798.jpg
2,/data/kaggle/train/Type_2/8.jpg
2,/data/kaggle/train/Type_2/80.jpg
2,/data/kaggle/train/Type_2/804.jpg
2,/data/kaggle/train/Type_2/807.jpg
2,/data/kaggle/train/Type_2/813.jpg
2,/data/kaggle/train/Type_2/815.jpg
2,/data/kaggle/train/Type_2/816.jpg
2,/data/kaggle/train/Type_2/819.jpg
2,/data/kaggle/train/Type_2/824.jpg
2,/data/kaggle/train/Type_2/826.jpg
2,/data/kaggle/train/Type_2/827.jpg
2,/data/kaggle/train/Type_2/829.jpg
2,/data/kaggle/train/Type_2/830.jpg
2,/data/kaggle/train/Type_2/831.jpg
2,/data/kaggle/train/Type_2/832.jpg
2,/data/kaggle/train/Type_2/834.jpg
2,/data/kaggle/train/Type_2/838.jpg
2,/data/kaggle/train/Type_2/84.jpg
2,/data/kaggle/train/Type_2/841.jpg
2,/data/kaggle/train/Type_2/843.jpg
2,/data/kaggle/train/Type_2/844.jpg
2,/data/kaggle/train/Type_2/847.jpg
2,/data/kaggle/train/Type_2/849.jpg
2,/data/kaggle/train/Type_2/85.jpg
2,/data/kaggle/train/Type_2/850.jpg
2,/data/kaggle/train/Type_2/851.jpg
2,/data/kaggle/train/Type_2/852.jpg
2,/data/kaggle/train/Type_2/854.jpg
2,/data/kaggle/train/Type_2/856.jpg
2,/data/kaggle/train/Type_2/857.jpg
2,/data/kaggle/train/Type_2/858.jpg
2,/data/kaggle/train/Type_2/859.jpg
2,/data/kaggle/train/Type_2/86.jpg
2,/data/kaggle/train/Type_2/860.jpg
2,/data/kaggle/train/Type_2/861.jpg
2,/data/kaggle/train/Type_2/862.jpg
2,/data/kaggle/train/Type_2/863.jpg
2,/data/kaggle/train/Type_2/865.jpg
2,/data/kaggle/train/Type_2/867.jpg
2,/data/kaggle/train/Type_2/868.jpg
2,/data/kaggle/train/Type_2/871.jpg
2,/data/kaggle/train/Type_2/874.jpg
2,/data/kaggle/train/Type_2/88.jpg
2,/data/kaggle/train/Type_2/882.jpg
2,/data/kaggle/train/Type_2/883.jpg
2,/data/kaggle/train/Type_2/884.jpg
2,/data/kaggle/train/Type_2/886.jpg
2,/data/kaggle/train/Type_2/888.jpg
2,/data/kaggle/train/Type_2/89.jpg
2,/data/kaggle/train/Type_2/894.jpg
2,/data/kaggle/train/Type_2/896.jpg
2,/data/kaggle/train/Type_2/9.jpg
2,/data/kaggle/train/Type_2/90.jpg
2,/data/kaggle/train/Type_2/903.jpg
2,/data/kaggle/train/Type_2/904.jpg
2,/data/kaggle/train/Type_2/905.jpg
2,/data/kaggle/train/Type_2/91.jpg
2,/data/kaggle/train/Type_2/911.jpg
2,/data/kaggle/train/Type_2/912.jpg
2,/data/kaggle/train/Type_2/913.jpg
2,/data/kaggle/train/Type_2/915.jpg
2,/data/kaggle/train/Type_2/919.jpg
2,/data/kaggle/train/Type_2/92.jpg
2,/data/kaggle/train/Type_2/922.jpg
2,/data/kaggle/train/Type_2/925.jpg
2,/data/kaggle/train/Type_2/926.jpg
2,/data/kaggle/train/Type_2/929.jpg
2,/data/kaggle/train/Type_2/93.jpg
2,/data/kaggle/train/Type_2/932.jpg
2,/data/kaggle/train/Type_2/933.jpg
2,/data/kaggle/train/Type_2/934.jpg
2,/data/kaggle/train/Type_2/935.jpg
2,/data/kaggle/train/Type_2/936.jpg
2,/data/kaggle/train/Type_2/937.jpg
2,/data/kaggle/train/Type_2/938.jpg
2,/data/kaggle/train/Type_2/939.jpg
2,/data/kaggle/train/Type_2/94.jpg
2,/data/kaggle/train/Type_2/940.jpg
2,/data/kaggle/train/Type_2/942.jpg
2,/data/kaggle/train/Type_2/946.jpg
2,/data/kaggle/train/Type_2/948.jpg
2,/data/kaggle/train/Type_2/95.jpg
2,/data/kaggle/train/Type_2/955.jpg
2,/data/kaggle/train/Type_2/956.jpg
2,/data/kaggle/train/Type_2/957.jpg
2,/data/kaggle/train/Type_2/958.jpg
2,/data/kaggle/train/Type_2/959.jpg
2,/data/kaggle/train/Type_2/960.jpg
2,/data/kaggle/train/Type_2/961.jpg
2,/data/kaggle/train/Type_2/963.jpg
2,/data/kaggle/train/Type_2/964.jpg
2,/data/kaggle/train/Type_2/966.jpg
2,/data/kaggle/train/Type_2/967.jpg
2,/data/kaggle/train/Type_2/969.jpg
2,/data/kaggle/train/Type_2/97.jpg
2,/data/kaggle/train/Type_2/970.jpg
2,/data/kaggle/train/Type_2/971.jpg
2,/data/kaggle/train/Type_2/973.jpg
2,/data/kaggle/train/Type_2/974.jpg
2,/data/kaggle/train/Type_2/976.jpg
2,/data/kaggle/train/Type_2/978.jpg
2,/data/kaggle/train/Type_2/979.jpg
2,/data/kaggle/train/Type_2/981.jpg
2,/data/kaggle/train/Type_2/985.jpg
2,/data/kaggle/train/Type_2/987.jpg
2,/data/kaggle/train/Type_2/988.jpg
2,/data/kaggle/train/Type_2/989.jpg
2,/data/kaggle/train/Type_2/99.jpg
2,/data/kaggle/train/Type_2/990.jpg
2,/data/kaggle/train/Type_2/992.jpg
2,/data/kaggle/train/Type_2/994.jpg
2,/data/kaggle/train/Type_2/997.jpg
2,/data/kaggle/train/Type_2/999.jpg
3,/data/kaggle/train/Type_3/1000.jpg
3,/data/kaggle/train/Type_3/1003.jpg
3,/data/kaggle/train/Type_3/1004.jpg
3,/data/kaggle/train/Type_3/1007.jpg
3,/data/kaggle/train/Type_3/1008.jpg
3,/data/kaggle/train/Type_3/1009.jpg
3,/data/kaggle/train/Type_3/1015.jpg
3,/data/kaggle/train/Type_3/1020.jpg
3,/data/kaggle/train/Type_3/1028.jpg
3,/data/kaggle/train/Type_3/1029.jpg
3,/data/kaggle/train/Type_3/1030.jpg
3,/data/kaggle/train/Type_3/1031.jpg
3,/data/kaggle/train/Type_3/1034.jpg
3,/data/kaggle/train/Type_3/1037.jpg
3,/data/kaggle/train/Type_3/1041.jpg
3,/data/kaggle/train/Type_3/1045.jpg
3,/data/kaggle/train/Type_3/1048.jpg
3,/data/kaggle/train/Type_3/1052.jpg
3,/data/kaggle/train/Type_3/1053.jpg
3,/data/kaggle/train/Type_3/106.jpg
3,/data/kaggle/train/Type_3/1060.jpg
3,/data/kaggle/train/Type_3/1062.jpg
3,/data/kaggle/train/Type_3/1063.jpg
3,/data/kaggle/train/Type_3/1064.jpg
3,/data/kaggle/train/Type_3/1069.jpg
3,/data/kaggle/train/Type_3/108.jpg
3,/data/kaggle/train/Type_3/1080.jpg
3,/data/kaggle/train/Type_3/1081.jpg
3,/data/kaggle/train/Type_3/1082.jpg
3,/data/kaggle/train/Type_3/1086.jpg
3,/data/kaggle/train/Type_3/1088.jpg
3,/data/kaggle/train/Type_3/1092.jpg
3,/data/kaggle/train/Type_3/1094.jpg
3,/data/kaggle/train/Type_3/1095.jpg
3,/data/kaggle/train/Type_3/11.jpg
3,/data/kaggle/train/Type_3/1101.jpg
3,/data/kaggle/train/Type_3/1107.jpg
3,/data/kaggle/train/Type_3/1108.jpg
3,/data/kaggle/train/Type_3/111.jpg
3,/data/kaggle/train/Type_3/1110.jpg
3,/data/kaggle/train/Type_3/1111.jpg
3,/data/kaggle/train/Type_3/1112.jpg
3,/data/kaggle/train/Type_3/1113.jpg
3,/data/kaggle/train/Type_3/1120.jpg
3,/data/kaggle/train/Type_3/1127.jpg
3,/data/kaggle/train/Type_3/1128.jpg
3,/data/kaggle/train/Type_3/1129.jpg
3,/data/kaggle/train/Type_3/113.jpg
3,/data/kaggle/train/Type_3/1133.jpg
3,/data/kaggle/train/Type_3/1137.jpg
3,/data/kaggle/train/Type_3/114.jpg
3,/data/kaggle/train/Type_3/1150.jpg
3,/data/kaggle/train/Type_3/1153.jpg
3,/data/kaggle/train/Type_3/1157.jpg
3,/data/kaggle/train/Type_3/1162.jpg
3,/data/kaggle/train/Type_3/1163.jpg
3,/data/kaggle/train/Type_3/1164.jpg
3,/data/kaggle/train/Type_3/1165.jpg
3,/data/kaggle/train/Type_3/1166.jpg
3,/data/kaggle/train/Type_3/1167.jpg
3,/data/kaggle/train/Type_3/1177.jpg
3,/data/kaggle/train/Type_3/118.jpg
3,/data/kaggle/train/Type_3/1182.jpg
3,/data/kaggle/train/Type_3/1183.jpg
3,/data/kaggle/train/Type_3/1191.jpg
3,/data/kaggle/train/Type_3/1200.jpg
3,/data/kaggle/train/Type_3/1206.jpg
3,/data/kaggle/train/Type_3/1207.jpg
3,/data/kaggle/train/Type_3/1208.jpg
3,/data/kaggle/train/Type_3/1221.jpg
3,/data/kaggle/train/Type_3/1224.jpg
3,/data/kaggle/train/Type_3/1232.jpg
3,/data/kaggle/train/Type_3/1235.jpg
3,/data/kaggle/train/Type_3/1237.jpg
3,/data/kaggle/train/Type_3/124.jpg
3,/data/kaggle/train/Type_3/1244.jpg
3,/data/kaggle/train/Type_3/1248.jpg
3,/data/kaggle/train/Type_3/125.jpg
3,/data/kaggle/train/Type_3/1252.jpg
3,/data/kaggle/train/Type_3/1254.jpg
3,/data/kaggle/train/Type_3/1256.jpg
3,/data/kaggle/train/Type_3/1259.jpg
3,/data/kaggle/train/Type_3/1265.jpg
3,/data/kaggle/train/Type_3/1268.jpg
3,/data/kaggle/train/Type_3/1270.jpg
3,/data/kaggle/train/Type_3/1275.jpg
3,/data/kaggle/train/Type_3/1277.jpg
3,/data/kaggle/train/Type_3/1278.jpg
3,/data/kaggle/train/Type_3/1280.jpg
3,/data/kaggle/train/Type_3/1284.jpg
3,/data/kaggle/train/Type_3/1286.jpg
3,/data/kaggle/train/Type_3/1287.jpg
3,/data/kaggle/train/Type_3/1291.jpg
3,/data/kaggle/train/Type_3/1296.jpg
3,/data/kaggle/train/Type_3/130.jpg
3,/data/kaggle/train/Type_3/1300.jpg
3,/data/kaggle/train/Type_3/1306.jpg
3,/data/kaggle/train/Type_3/1307.jpg
3,/data/kaggle/train/Type_3/1309.jpg
3,/data/kaggle/train/Type_3/132.jpg
3,/data/kaggle/train/Type_3/1323.jpg
3,/data/kaggle/train/Type_3/1332.jpg
3,/data/kaggle/train/Type_3/1333.jpg
3,/data/kaggle/train/Type_3/1335.jpg
3,/data/kaggle/train/Type_3/1341.jpg
3,/data/kaggle/train/Type_3/1347.jpg
3,/data/kaggle/train/Type_3/135.jpg
3,/data/kaggle/train/Type_3/1350.jpg
3,/data/kaggle/train/Type_3/1351.jpg
3,/data/kaggle/train/Type_3/1355.jpg
3,/data/kaggle/train/Type_3/1360.jpg
3,/data/kaggle/train/Type_3/1364.jpg
3,/data/kaggle/train/Type_3/1366.jpg
3,/data/kaggle/train/Type_3/1367.jpg
3,/data/kaggle/train/Type_3/1372.jpg
3,/data/kaggle/train/Type_3/1374.jpg
3,/data/kaggle/train/Type_3/1375.jpg
3,/data/kaggle/train/Type_3/1382.jpg
3,/data/kaggle/train/Type_3/1387.jpg
3,/data/kaggle/train/Type_3/1394.jpg
3,/data/kaggle/train/Type_3/1396.jpg
3,/data/kaggle/train/Type_3/1397.jpg
3,/data/kaggle/train/Type_3/1400.jpg
3,/data/kaggle/train/Type_3/1401.jpg
3,/data/kaggle/train/Type_3/1402.jpg
3,/data/kaggle/train/Type_3/1403.jpg
3,/data/kaggle/train/Type_3/1404.jpg
3,/data/kaggle/train/Type_3/1408.jpg
3,/data/kaggle/train/Type_3/1409.jpg
3,/data/kaggle/train/Type_3/141.jpg
3,/data/kaggle/train/Type_3/1410.jpg
3,/data/kaggle/train/Type_3/1412.jpg
3,/data/kaggle/train/Type_3/1417.jpg
3,/data/kaggle/train/Type_3/1420.jpg
3,/data/kaggle/train/Type_3/1423.jpg
3,/data/kaggle/train/Type_3/1425.jpg
3,/data/kaggle/train/Type_3/1429.jpg
3,/data/kaggle/train/Type_3/143.jpg
3,/data/kaggle/train/Type_3/1431.jpg
3,/data/kaggle/train/Type_3/1434.jpg
3,/data/kaggle/train/Type_3/1442.jpg
3,/data/kaggle/train/Type_3/1447.jpg
3,/data/kaggle/train/Type_3/1448.jpg
3,/data/kaggle/train/Type_3/145.jpg
3,/data/kaggle/train/Type_3/1455.jpg
3,/data/kaggle/train/Type_3/1458.jpg
3,/data/kaggle/train/Type_3/1459.jpg
3,/data/kaggle/train/Type_3/146.jpg
3,/data/kaggle/train/Type_3/1460.jpg
3,/data/kaggle/train/Type_3/1461.jpg
3,/data/kaggle/train/Type_3/1469.jpg
3,/data/kaggle/train/Type_3/1470.jpg
3,/data/kaggle/train/Type_3/1475.jpg
3,/data/kaggle/train/Type_3/1477.jpg
3,/data/kaggle/train/Type_3/1479.jpg
3,/data/kaggle/train/Type_3/150.jpg
3,/data/kaggle/train/Type_3/154.jpg
3,/data/kaggle/train/Type_3/155.jpg
3,/data/kaggle/train/Type_3/158.jpg
3,/data/kaggle/train/Type_3/16.jpg
3,/data/kaggle/train/Type_3/163.jpg
3,/data/kaggle/train/Type_3/166.jpg
3,/data/kaggle/train/Type_3/169.jpg
3,/data/kaggle/train/Type_3/170.jpg
3,/data/kaggle/train/Type_3/172.jpg
3,/data/kaggle/train/Type_3/174.jpg
3,/data/kaggle/train/Type_3/179.jpg
3,/data/kaggle/train/Type_3/18.jpg
3,/data/kaggle/train/Type_3/187.jpg
3,/data/kaggle/train/Type_3/188.jpg
3,/data/kaggle/train/Type_3/193.jpg
3,/data/kaggle/train/Type_3/194.jpg
3,/data/kaggle/train/Type_3/196.jpg
3,/data/kaggle/train/Type_3/197.jpg
3,/data/kaggle/train/Type_3/199.jpg
3,/data/kaggle/train/Type_3/20.jpg
3,/data/kaggle/train/Type_3/200.jpg
3,/data/kaggle/train/Type_3/202.jpg
3,/data/kaggle/train/Type_3/207.jpg
3,/data/kaggle/train/Type_3/211.jpg
3,/data/kaggle/train/Type_3/212.jpg
3,/data/kaggle/train/Type_3/214.jpg
3,/data/kaggle/train/Type_3/217.jpg
3,/data/kaggle/train/Type_3/220.jpg
3,/data/kaggle/train/Type_3/221.jpg
3,/data/kaggle/train/Type_3/222.jpg
3,/data/kaggle/train/Type_3/226.jpg
3,/data/kaggle/train/Type_3/228.jpg
3,/data/kaggle/train/Type_3/23.jpg
3,/data/kaggle/train/Type_3/232.jpg
3,/data/kaggle/train/Type_3/242.jpg
3,/data/kaggle/train/Type_3/247.jpg
3,/data/kaggle/train/Type_3/249.jpg
3,/data/kaggle/train/Type_3/25.jpg
3,/data/kaggle/train/Type_3/253.jpg
3,/data/kaggle/train/Type_3/256.jpg
3,/data/kaggle/train/Type_3/258.jpg
3,/data/kaggle/train/Type_3/259.jpg
3,/data/kaggle/train/Type_3/260.jpg
3,/data/kaggle/train/Type_3/261.jpg
3,/data/kaggle/train/Type_3/263.jpg
3,/data/kaggle/train/Type_3/269.jpg
3,/data/kaggle/train/Type_3/272.jpg
3,/data/kaggle/train/Type_3/273.jpg
3,/data/kaggle/train/Type_3/275.jpg
3,/data/kaggle/train/Type_3/277.jpg
3,/data/kaggle/train/Type_3/280.jpg
3,/data/kaggle/train/Type_3/286.jpg
3,/data/kaggle/train/Type_3/287.jpg
3,/data/kaggle/train/Type_3/289.jpg
3,/data/kaggle/train/Type_3/292.jpg
3,/data/kaggle/train/Type_3/295.jpg
3,/data/kaggle/train/Type_3/299.jpg
3,/data/kaggle/train/Type_3/3.jpg
3,/data/kaggle/train/Type_3/30.jpg
3,/data/kaggle/train/Type_3/300.jpg
3,/data/kaggle/train/Type_3/304.jpg
3,/data/kaggle/train/Type_3/307.jpg
3,/data/kaggle/train/Type_3/309.jpg
3,/data/kaggle/train/Type_3/318.jpg
3,/data/kaggle/train/Type_3/320.jpg
3,/data/kaggle/train/Type_3/321.jpg
3,/data/kaggle/train/Type_3/322.jpg
3,/data/kaggle/train/Type_3/323.jpg
3,/data/kaggle/train/Type_3/324.jpg
3,/data/kaggle/train/Type_3/325.jpg
3,/data/kaggle/train/Type_3/327.jpg
3,/data/kaggle/train/Type_3/328.jpg
3,/data/kaggle/train/Type_3/33.jpg
3,/data/kaggle/train/Type_3/335.jpg
3,/data/kaggle/train/Type_3/336.jpg
3,/data/kaggle/train/Type_3/344.jpg
3,/data/kaggle/train/Type_3/347.jpg
3,/data/kaggle/train/Type_3/350.jpg
3,/data/kaggle/train/Type_3/352.jpg
3,/data/kaggle/train/Type_3/355.jpg
3,/data/kaggle/train/Type_3/357.jpg
3,/data/kaggle/train/Type_3/361.jpg
3,/data/kaggle/train/Type_3/362.jpg
3,/data/kaggle/train/Type_3/363.jpg
3,/data/kaggle/train/Type_3/370.jpg
3,/data/kaggle/train/Type_3/373.jpg
3,/data/kaggle/train/Type_3/38.jpg
3,/data/kaggle/train/Type_3/380.jpg
3,/data/kaggle/train/Type_3/390.jpg
3,/data/kaggle/train/Type_3/391.jpg
3,/data/kaggle/train/Type_3/392.jpg
3,/data/kaggle/train/Type_3/399.jpg
3,/data/kaggle/train/Type_3/402.jpg
3,/data/kaggle/train/Type_3/405.jpg
3,/data/kaggle/train/Type_3/409.jpg
3,/data/kaggle/train/Type_3/415.jpg
3,/data/kaggle/train/Type_3/417.jpg
3,/data/kaggle/train/Type_3/422.jpg
3,/data/kaggle/train/Type_3/424.jpg
3,/data/kaggle/train/Type_3/426.jpg
3,/data/kaggle/train/Type_3/427.jpg
3,/data/kaggle/train/Type_3/430.jpg
3,/data/kaggle/train/Type_3/431.jpg
3,/data/kaggle/train/Type_3/433.jpg
3,/data/kaggle/train/Type_3/435.jpg
3,/data/kaggle/train/Type_3/436.jpg
3,/data/kaggle/train/Type_3/439.jpg
3,/data/kaggle/train/Type_3/450.jpg
3,/data/kaggle/train/Type_3/459.jpg
3,/data/kaggle/train/Type_3/465.jpg
3,/data/kaggle/train/Type_3/466.jpg
3,/data/kaggle/train/Type_3/467.jpg
3,/data/kaggle/train/Type_3/468.jpg
3,/data/kaggle/train/Type_3/475.jpg
3,/data/kaggle/train/Type_3/477.jpg
3,/data/kaggle/train/Type_3/479.jpg
3,/data/kaggle/train/Type_3/480.jpg
3,/data/kaggle/train/Type_3/489.jpg
3,/data/kaggle/train/Type_3/49.jpg
3,/data/kaggle/train/Type_3/491.jpg
3,/data/kaggle/train/Type_3/492.jpg
3,/data/kaggle/train/Type_3/494.jpg
3,/data/kaggle/train/Type_3/495.jpg
3,/data/kaggle/train/Type_3/498.jpg
3,/data/kaggle/train/Type_3/5.jpg
3,/data/kaggle/train/Type_3/50.jpg
3,/data/kaggle/train/Type_3/500.jpg
3,/data/kaggle/train/Type_3/510.jpg
3,/data/kaggle/train/Type_3/511.jpg
3,/data/kaggle/train/Type_3/512.jpg
3,/data/kaggle/train/Type_3/514.jpg
3,/data/kaggle/train/Type_3/519.jpg
3,/data/kaggle/train/Type_3/520.jpg
3,/data/kaggle/train/Type_3/527.jpg
3,/data/kaggle/train/Type_3/530.jpg
3,/data/kaggle/train/Type_3/543.jpg
3,/data/kaggle/train/Type_3/554.jpg
3,/data/kaggle/train/Type_3/555.jpg
3,/data/kaggle/train/Type_3/565.jpg
3,/data/kaggle/train/Type_3/567.jpg
3,/data/kaggle/train/Type_3/571.jpg
3,/data/kaggle/train/Type_3/573.jpg
3,/data/kaggle/train/Type_3/575.jpg
3,/data/kaggle/train/Type_3/58.jpg
3,/data/kaggle/train/Type_3/585.jpg
3,/data/kaggle/train/Type_3/587.jpg
3,/data/kaggle/train/Type_3/59.jpg
3,/data/kaggle/train/Type_3/590.jpg
3,/data/kaggle/train/Type_3/594.jpg
3,/data/kaggle/train/Type_3/598.jpg
3,/data/kaggle/train/Type_3/599.jpg
3,/data/kaggle/train/Type_3/600.jpg
3,/data/kaggle/train/Type_3/604.jpg
3,/data/kaggle/train/Type_3/606.jpg
3,/data/kaggle/train/Type_3/61.jpg
3,/data/kaggle/train/Type_3/617.jpg
3,/data/kaggle/train/Type_3/62.jpg
3,/data/kaggle/train/Type_3/625.jpg
3,/data/kaggle/train/Type_3/626.jpg
3,/data/kaggle/train/Type_3/627.jpg
3,/data/kaggle/train/Type_3/628.jpg
3,/data/kaggle/train/Type_3/629.jpg
3,/data/kaggle/train/Type_3/63.jpg
3,/data/kaggle/train/Type_3/630.jpg
3,/data/kaggle/train/Type_3/631.jpg
3,/data/kaggle/train/Type_3/635.jpg
3,/data/kaggle/train/Type_3/636.jpg
3,/data/kaggle/train/Type_3/637.jpg
3,/data/kaggle/train/Type_3/638.jpg
3,/data/kaggle/train/Type_3/646.jpg
3,/data/kaggle/train/Type_3/650.jpg
3,/data/kaggle/train/Type_3/654.jpg
3,/data/kaggle/train/Type_3/661.jpg
3,/data/kaggle/train/Type_3/664.jpg
3,/data/kaggle/train/Type_3/669.jpg
3,/data/kaggle/train/Type_3/670.jpg
3,/data/kaggle/train/Type_3/672.jpg
3,/data/kaggle/train/Type_3/675.jpg
3,/data/kaggle/train/Type_3/679.jpg
3,/data/kaggle/train/Type_3/682.jpg
3,/data/kaggle/train/Type_3/689.jpg
3,/data/kaggle/train/Type_3/69.jpg
3,/data/kaggle/train/Type_3/690.jpg
3,/data/kaggle/train/Type_3/692.jpg
3,/data/kaggle/train/Type_3/694.jpg
3,/data/kaggle/train/Type_3/695.jpg
3,/data/kaggle/train/Type_3/697.jpg
3,/data/kaggle/train/Type_3/70.jpg
3,/data/kaggle/train/Type_3/706.jpg
3,/data/kaggle/train/Type_3/71.jpg
3,/data/kaggle/train/Type_3/711.jpg
3,/data/kaggle/train/Type_3/715.jpg
3,/data/kaggle/train/Type_3/721.jpg
3,/data/kaggle/train/Type_3/728.jpg
3,/data/kaggle/train/Type_3/73.jpg
3,/data/kaggle/train/Type_3/731.jpg
3,/data/kaggle/train/Type_3/733.jpg
3,/data/kaggle/train/Type_3/734.jpg
3,/data/kaggle/train/Type_3/735.jpg
3,/data/kaggle/train/Type_3/736.jpg
3,/data/kaggle/train/Type_3/737.jpg
3,/data/kaggle/train/Type_3/740.jpg
3,/data/kaggle/train/Type_3/742.jpg
3,/data/kaggle/train/Type_3/746.jpg
3,/data/kaggle/train/Type_3/747.jpg
3,/data/kaggle/train/Type_3/750.jpg
3,/data/kaggle/train/Type_3/752.jpg
3,/data/kaggle/train/Type_3/755.jpg
3,/data/kaggle/train/Type_3/757.jpg
3,/data/kaggle/train/Type_3/758.jpg
3,/data/kaggle/train/Type_3/766.jpg
3,/data/kaggle/train/Type_3/767.jpg
3,/data/kaggle/train/Type_3/770.jpg
3,/data/kaggle/train/Type_3/773.jpg
3,/data/kaggle/train/Type_3/774.jpg
3,/data/kaggle/train/Type_3/776.jpg
3,/data/kaggle/train/Type_3/778.jpg
3,/data/kaggle/train/Type_3/780.jpg
3,/data/kaggle/train/Type_3/782.jpg
3,/data/kaggle/train/Type_3/784.jpg
3,/data/kaggle/train/Type_3/788.jpg
3,/data/kaggle/train/Type_3/796.jpg
3,/data/kaggle/train/Type_3/799.jpg
3,/data/kaggle/train/Type_3/800.jpg
3,/data/kaggle/train/Type_3/801.jpg
3,/data/kaggle/train/Type_3/803.jpg
3,/data/kaggle/train/Type_3/806.jpg
3,/data/kaggle/train/Type_3/808.jpg
3,/data/kaggle/train/Type_3/811.jpg
3,/data/kaggle/train/Type_3/812.jpg
3,/data/kaggle/train/Type_3/818.jpg
3,/data/kaggle/train/Type_3/82.jpg
3,/data/kaggle/train/Type_3/820.jpg
3,/data/kaggle/train/Type_3/822.jpg
3,/data/kaggle/train/Type_3/823.jpg
3,/data/kaggle/train/Type_3/825.jpg
3,/data/kaggle/train/Type_3/828.jpg
3,/data/kaggle/train/Type_3/83.jpg
3,/data/kaggle/train/Type_3/835.jpg
3,/data/kaggle/train/Type_3/837.jpg
3,/data/kaggle/train/Type_3/839.jpg
3,/data/kaggle/train/Type_3/840.jpg
3,/data/kaggle/train/Type_3/845.jpg
3,/data/kaggle/train/Type_3/848.jpg
3,/data/kaggle/train/Type_3/853.jpg
3,/data/kaggle/train/Type_3/864.jpg
3,/data/kaggle/train/Type_3/866.jpg
3,/data/kaggle/train/Type_3/869.jpg
3,/data/kaggle/train/Type_3/87.jpg
3,/data/kaggle/train/Type_3/870.jpg
3,/data/kaggle/train/Type_3/872.jpg
3,/data/kaggle/train/Type_3/875.jpg
3,/data/kaggle/train/Type_3/876.jpg
3,/data/kaggle/train/Type_3/877.jpg
3,/data/kaggle/train/Type_3/878.jpg
3,/data/kaggle/train/Type_3/881.jpg
3,/data/kaggle/train/Type_3/885.jpg
3,/data/kaggle/train/Type_3/892.jpg
3,/data/kaggle/train/Type_3/893.jpg
3,/data/kaggle/train/Type_3/897.jpg
3,/data/kaggle/train/Type_3/898.jpg
3,/data/kaggle/train/Type_3/899.jpg
3,/data/kaggle/train/Type_3/900.jpg
3,/data/kaggle/train/Type_3/902.jpg
3,/data/kaggle/train/Type_3/907.jpg
3,/data/kaggle/train/Type_3/909.jpg
3,/data/kaggle/train/Type_3/910.jpg
3,/data/kaggle/train/Type_3/914.jpg
3,/data/kaggle/train/Type_3/916.jpg
3,/data/kaggle/train/Type_3/923.jpg
3,/data/kaggle/train/Type_3/924.jpg
3,/data/kaggle/train/Type_3/927.jpg
3,/data/kaggle/train/Type_3/931.jpg
3,/data/kaggle/train/Type_3/941.jpg
3,/data/kaggle/train/Type_3/943.jpg
3,/data/kaggle/train/Type_3/944.jpg
3,/data/kaggle/train/Type_3/945.jpg
3,/data/kaggle/train/Type_3/947.jpg
3,/data/kaggle/train/Type_3/949.jpg
3,/data/kaggle/train/Type_3/950.jpg
3,/data/kaggle/train/Type_3/951.jpg
3,/data/kaggle/train/Type_3/952.jpg
3,/data/kaggle/train/Type_3/953.jpg
3,/data/kaggle/train/Type_3/954.jpg
3,/data/kaggle/train/Type_3/962.jpg
3,/data/kaggle/train/Type_3/968.jpg
3,/data/kaggle/train/Type_3/975.jpg
3,/data/kaggle/train/Type_3/98.jpg
3,/data/kaggle/train/Type_3/980.jpg
3,/data/kaggle/train/Type_3/983.jpg
3,/data/kaggle/train/Type_3/986.jpg
3,/data/kaggle/train/Type_3/993.jpg
3,/data/kaggle/train/Type_3/995.jpg
3,/data/kaggle/train/Type_3/996.jpg
